{
  "mean": 906.8835470180475,
  "std": 301.7335930838606,
  "mean_temp_max_historique": 32.19999999999999
}